keyword,value
abilities,1
ability,6
able,8
about,7
above,11
abreast,1
academic,1
access,3
accordance,4
according,2
account,1
accountant,1
accounting,6
accuracy,3
achieve,2
acquisition,1
across,2
action,1
actionable,1
actions,1
activities,4
ad,9
added,2
address,1
administration,5
administrative,1
advantage,18
advertising,8
advise,1
advisory,1
agent,1
aggressive,1
agile,1
agreed,1
agreement,2
al,1
alert,4
algorithms,2
align,1
all,12
allowances,2
also,3
am,2
among,1
ample,1
an,22
analysis,37
analyst,6
analytic,5
analytical,9
analyze,10
analyzing,1
and,435
andy,1
annual,4
any,10
app,1
apparel,1
appliance,1
applicants,27
application,21
applications,20
applied,4
apply,26
appointee,2
appointment,3
appropriate,1
apps,1
architectures,2
archival,2
arduino,1
are,21
areas,3
arrangement,1
articulate,1
as,45
asp,3
aspects,2
assess,1
assessment,1
assigned,14
assignments,1
assist,18
assistance,1
assistant,3
assume,1
assumptions,2
assurance,1
at,26
attach,2
attention,2
attractive,7
audio,1
auditing,1
authoring,1
automation,1
availability,6
available,2
bachelor,7
background,1
bank,14
banking,11
banks,2
based,1
bases,1
basics,1
basis,4
be,78
been,1
behavior,1
being,1
below,1
benefits,5
bi,7
big,4
biological,1
biology,2
biomedical,1
birdie,2
blacklist,1
board,1
body,1
bond,1
bonus,1
bootstrap,1
both,9
box,3
branch,1
branches,4
brands,2
breakthrough,1
briefing,1
broad,1
brokerage,1
budget,8
build,1
building,6
built,2
business,53
but,2
button,5
buy,1
by,23
calculation,2
caliber,1
calls,1
campaign,1
can,2
candidate,12
candidates,18
cantonese,3
capabilities,1
capability,2
capable,1
capacity,1
capital,1
career,4
carrying,1
case,1
cases,1
cash,2
central,3
certificate,1
chain,1
chan,1
change,1
changes,2
channel,1
channels,2
check,1
checking,1
checkup,1
chemical,1
chemistry,2
china,1
chinese,17
classifies,2
cleansing,1
click,9
clicking,6
client,7
clients,12
closely,5
clothing,1
cloud,2
cluster,1
co,7
coach,2
coaching,1
coding,1
collaborate,3
collaborating,1
collaborative,1
colleagues,1
collect,2
collected,22
collection,6
com,26
command,12
commensurate,2
commerce,1
commercial,9
commissioning,2
communicate,1
communication,19
communications,6
companies,3
company,7
competence,1
competitive,5
complaints,2
complete,1
completion,1
complex,5
compliance,7
complicated,1
complied,2
comply,1
comprehensive,4
computer,8
computing,2
concept,2
conduct,4
conducting,3
confidence,6
confidential,10
conglomerate,2
consider,13
consideration,2
considerations,1
considered,12
construct,1
consultants,1
consultation,1
consultative,1
consulting,2
contact,4
contacted,7
contacting,3
continue,1
contract,4
contractor,1
contractors,3
contracts,1
contribute,1
control,5
controller,1
controlling,1
controls,1
controversies,4
convert,1
cooperate,1
coordinate,3
coordinating,1
coordination,1
copy,3
core,2
corporate,3
correlation,3
cost,2
counter,1
cover,4
coverage,1
craft,1
create,1
creation,4
credit,1
crisis,4
critical,1
cross,1
crystal,2
css,2
curiosity,1
current,6
currently,1
curriculum,1
customer,11
customers,10
customization,2
cv,6
daily,2
data,123
database,5
databases,4
date,4
day,2
days,9
deal,2
deep,2
deficiencies,1
defined,1
definite,4
degree,22
delivers,1
delivery,3
demands,1
demonstrated,1
demonstrations,1
dental,1
department,2
departments,5
deploy,1
deployed,1
deployment,2
depth,4
derivatives,1
deriving,1
description,8
descriptions,1
design,22
designed,1
designing,3
designs,1
destroyed,6
detail,3
detailed,4
details,5
detect,1
develop,5
developed,1
developers,1
developing,2
development,37
devising,1
different,10
digital,11
dimensional,2
diploma,4
discipline,8
disciplines,10
discretionary,1
discussion,2
division,4
divisions,1
do,4
document,1
documentation,4
documentations,2
documents,1
double,1
drafting,1
drawn,1
drive,4
driven,1
due,1
during,4
duties,4
dynamic,2
eager,1
easier,1
educated,1
education,2
effective,2
effectively,2
efficient,1
efforts,1
either,2
electrical,3
electronic,3
email,3
employees,1
employer,3
employment,4
enables,1
enabling,1
end,1
engage,1
engagement,1
engineering,16
english,20
enhance,2
enhancement,1
enhancing,1
enough,1
ensure,6
enterprise,2
enterprises,1
entities,2
entry,1
envelope,1
environment,4
environmental,4
epidemiology,1
equal,3
equipment,1
equities,1
equivalent,5
especially,1
essential,2
establish,1
established,1
etc,9
europe,1
evaluate,5
evaluation,2
examination,1
examining,1
excel,4
excellent,8
exclusively,1
execute,2
executive,2
exercises,1
existing,1
exp,2
expanding,3
expansion,2
expectations,1
expected,15
experience,61
experienced,5
experiences,8
experiment,1
experimental,1
experiments,1
expertise,1
explore,1
exposure,6
external,3
extract,1
extraction,4
facilitate,3
facilitating,1
familiar,5
familiarity,1
fax,2
feel,1
field,2
filing,1
fill,2
filled,1
filtering,2
finance,4
financial,14
findings,1
flexible,2
fluent,3
focus,1
follow,3
following,1
follows,1
for,103
forecast,2
forecasting,1
format,1
formats,1
formulate,4
found,1
foundation,1
framework,2
frameworks,1
free,1
friend,1
friendly,1
friends,1
fringe,2
from,30
front,1
ftp,1
full,16
functional,3
functions,8
funding,2
further,3
future,1
gain,1
gathering,2
generating,1
get,1
global,1
globally,1
goals,1
good,35
google,2
gov,2
governance,1
gpu,1
graduate,3
graph,1
green,1
group,8
grow,1
growth,2
gui,1
guide,1
hadoop,1
hand,2
handle,10
hands,3
harmonious,1
has,1
have,3
he,2
headcounts,1
health,1
healthcare,1
hear,4
her,1
here,1
high,6
higher,2
highly,3
hiring,1
his,1
ho,4
holder,13
holders,1
holiday,1
hong,11
hours,1
house,1
household,1
housing,2
how,1
hr,1
html,4
human,6
hung,2
identify,7
if,2
immediate,5
immediately,3
impact,1
implement,6
implementation,6
implemented,1
implementing,2
improve,1
improvement,2
in,177
incentive,1
including,23
increase,1
independent,2
independently,5
indicating,1
indonesia,1
industrial,1
industries,1
industry,2
info,1
information,24
informational,1
infrastructure,2
initiative,1
initiatives,5
innovative,1
input,1
inquiries,1
insights,7
inspire,1
institutes,1
institutions,5
insurance,6
integrate,1
integration,8
integrity,2
intelligence,1
interest,1
interested,17
interests,1
interface,1
internal,8
internet,1
interpersonal,8
interview,2
into,1
investigate,1
investigation,1
investment,1
invited,3
inward,1
is,41
issue,1
issues,3
it,14
its,1
japan,1
japanese,2
java,4
javascript,2
job,26
jobs,2
join,3
journey,2
junior,1
keep,1
keeping,2
kept,2
key,2
knowledge,14
known,1
kong,11
kowloon,2
lab,1
laboratory,1
landscape,1
language,6
languages,1
large,3
last,1
late,1
latest,1
laundering,1
lead,7
leadership,2
leading,4
learn,3
learning,5
least,7
leave,1
legal,3
less,7
lesser,1
letter,6
level,5
levels,2
liaise,2
liaison,1
life,3
like,2
limited,3
liquidity,4
list,1
listed,5
literature,2
ll,4
loading,1
local,2
location,2
logical,3
logistics,1
longer,3
look,1
looking,5
loss,1
loyalty,1
ltd,1
machine,3
mail,1
main,1
maintain,8
maintenance,5
major,2
majoring,1
make,1
manage,7
management,42
manager,10
managing,2
mandarin,4
manipulation,2
manner,2
manual,1
manufacturing,2
mark,1
market,2
marketing,16
mart,1
massive,2
master,2
material,1
materials,5
mathematics,3
matters,2
mature,3
may,19
measurement,1
measures,1
mechanical,2
media,15
medical,4
meet,1
meeting,2
members,1
method,1
methodologies,2
methodology,1
methods,1
micro,2
microbiology,2
microsoft,3
minded,2
mindset,1
minimum,9
mining,4
mobile,1
model,5
modeling,1
models,2
modification,2
money,1
monitor,9
monitoring,8
monthly,1
months,9
more,13
motivate,1
motivated,10
motivation,1
mr,5
ms,7
multi,4
must,2
mutual,2
mysql,2
nature,2
needs,2
negotiation,3
net,8
never,1
new,6
no,6
nominations,1
not,14
notified,4
now,22
number,4
objective,1
obtainable,1
occasional,1
of,114
offer,6
offered,7
offers,1
office,4
officer,3
offices,1
on,40
one,5
online,7
only,17
open,1
opening,1
operation,2
operational,7
operations,5
opportunities,2
opportunity,2
optimization,1
or,75
oracle,1
ordinate,6
organization,1
organizational,2
organized,5
oriented,1
other,28
others,3
our,26
out,3
outsourced,1
outward,1
over,1
overseas,2
oversee,2
ownership,1
package,11
page,2
paid,4
park,1
part,1
participate,2
participation,1
participle,1
particularly,1
parties,18
partners,2
party,1
patent,1
patterns,1
pay,1
pc,1
people,1
per,4
perform,20
performance,5
performed,2
performing,1
person,1
personal,23
personnel,1
php,1
physics,1
physiology,1
pi,1
pillar,1
pl,2
plan,3
planning,10
plans,1
platform,6
player,6
players,4
please,39
plus,5
pm,6
policies,6
polytechnic,1
position,4
positions,5
positive,1
possess,1
possession,1
post,6
potential,5
power,3
pragmatic,1
predictive,1
prefer,1
preferable,1
preferably,9
preferred,15
preliminary,1
preparation,1
prepare,8
preparing,7
present,6
presentation,8
presentations,1
press,1
pressure,6
price,1
pricing,1
prior,2
prioritize,1
privacy,1
private,1
proactive,1
problem,6
problems,2
procedure,1
procedures,4
process,11
processes,3
processing,4
produce,1
production,4
products,7
professional,4
professionally,1
proficiency,9
proficient,7
profile,1
profiling,2
profit,1
programmer,4
programming,9
progress,5
progression,1
project,24
projects,25
promote,1
proof,2
proposal,4
proposals,2
propose,1
prospective,1
prospects,2
protecting,1
prototypes,1
proven,2
provide,9
provided,9
provider,3
provides,1
provision,1
public,3
purpose,7
purposes,10
python,3
qualification,2
qualifications,3
qualified,1
quality,7
quantitative,5
quantity,2
quarterly,2
query,2
quote,2
quoted,1
quoting,2
raise,1
raspberry,1
rate,1
re,1
react,1
realize,2
receipt,4
recommendations,2
recommending,1
reconciliation,1
record,4
records,1
recruit,3
recruitment,18
ref,2
reference,7
referral,3
region,1
regions,1
regular,5
regulated,2
regulatory,4
rejection,3
related,36
relating,1
relation,2
relational,2
relations,1
relationships,1
release,2
relevant,17
remittance,5
remuneration,11
renewable,1
renowned,1
report,6
reporting,7
reports,20
request,5
requested,1
required,3
requirement,10
requirements,37
requires,1
research,11
researchers,1
reserves,1
resolve,3
resources,6
respect,1
responsibilities,17
responsibility,2
responsible,11
results,4
resume,18
retail,1
retained,3
revenue,1
review,11
reward,1
rewards,1
right,9
risk,26
risks,3
road,4
role,1
rolling,1
salaries,1
salary,20
sales,9
sample,2
sampling,2
sap,1
satisfaction,1
saving,1
scala,1
scale,1
scenario,1
schedule,4
scheduled,1
schedules,1
science,21
sciences,2
scientist,2
scientists,3
search,5
secondary,1
sectors,1
secure,1
security,2
segmentation,6
select,1
self,10
send,13
senior,4
sense,7
server,1
service,5
services,17
sessions,1
several,1
shall,1
shanghai,1
share,1
sharing,2
she,1
shift,2
ship,1
shirley,1
short,2
shortlisted,3
should,1
simply,1
singapore,1
site,4
sites,1
sizable,1
size,1
skill,3
skills,26
slides,1
small,1
social,13
society,2
software,11
solid,5
solution,6
solutions,12
solving,6
some,1
sound,2
sources,1
spark,1
specialist,2
specialty,1
specification,1
specifications,8
spectrum,1
spending,2
spoken,15
sports,1
spread,1
sql,14
stable,1
staff,3
stages,3
stakeholders,2
standard,1
standards,1
state,1
stating,3
statistical,2
statistics,7
status,1
stock,1
storage,2
strategic,1
strategies,6
strategy,2
stress,3
strict,6
strictly,10
strong,14
studies,2
study,1
studying,1
sub,1
subject,3
submit,5
succeed,1
successful,3
such,9
suitable,5
summarizing,1
supervisor,2
supervisory,2
supplied,1
suppliers,1
support,16
supporting,1
supportive,1
suspicious,1
system,25
systems,8
tableau,6
tag,1
taiwan,1
take,2
talent,2
target,1
targeted,2
task,1
tasking,1
tasks,13
team,20
teammates,1
teams,1
teamwork,1
technical,13
techniques,1
technologies,2
technology,19
tel,2
tender,2
tensorflow,1
terms,1
tertiary,2
test,7
testing,12
tests,1
textile,4
thailand,1
than,5
thank,1
thanks,1
that,1
the,120
their,21
them,2
thereafter,1
thermal,1
they,4
thinking,4
third,1
thought,1
through,5
tier,3
time,2
timeline,2
timely,1
title,1
to,145
together,1
tong,1
tools,14
top,2
towards,1
tracing,2
track,3
tracking,2
trading,1
train,1
training,2
transactions,1
transfer,1
transformation,3
translation,1
treasury,1
treated,8
trends,1
trials,1
trip,1
troubleshooting,2
two,9
type,2
types,2
under,8
understand,2
undertake,2
unit,1
units,4
universities,1
university,4
unsuccessful,13
until,1
up,5
upcoming,1
updates,2
uplifted,1
upon,5
us,13
usage,1
use,2
used,21
useful,4
user,5
users,2
using,5
vacancy,1
valid,2
validating,1
value,2
variety,2
various,15
vb,4
vba,1
vendor,3
vendors,2
verification,1
verify,1
very,1
via,3
viability,1
video,1
visit,14
visits,1
visual,1
visualization,3
visualized,1
vitae,1
wan,1
warehouse,4
we,12
wearable,1
web,2
website,15
week,4
weekly,1
weeks,8
welcome,2
well,13
west,1
wharf,2
what,1
where,1
which,8
who,11
whole,2
wholehearted,1
why,1
wide,1
will,69
willing,2
win,1
winnie,1
with,110
within,24
without,1
word,3
work,37
working,20
worldwide,1
would,6
writing,2
written,14
year,4
years,27
you,13
your,27
yourself,1
yrs,1
zeal,1
